Repository Name,Owner,Description,URL,Programming Language,Creation Date,Last Updated Date,Number of Stars,Number of Forks,Number of Open Issues,License Type,Topic
transformers,huggingface,"ðŸ¤— Transformers: State-of-the-art Machine Learning for Pytorch, TensorFlow, and JAX.",https://github.com/huggingface/transformers,Python,2018-10-29T13:56:00Z,2024-10-09T19:21:16Z,133123,26579,1409,Apache License 2.0,nlp
ailearning,apachecn,AiLearningï¼šæ•°æ®åˆ†æž+æœºå™¨å­¦ä¹ å®žæˆ˜+çº¿æ€§ä»£æ•°+PyTorch+NLTK+TF2,https://github.com/apachecn/ailearning,Python,2017-02-25T08:53:02Z,2024-10-09T17:03:22Z,39249,11421,4,Other,nlp
bert,google-research,TensorFlow code and pre-trained models for BERT,https://github.com/google-research/bert,Python,2018-10-25T22:57:34Z,2024-10-09T17:11:22Z,37979,9579,887,Apache License 2.0,nlp
AI-For-Beginners,microsoft,"12 Weeks, 24 Lessons, AI for All!",https://github.com/microsoft/AI-For-Beginners,Jupyter Notebook,2021-03-03T16:27:36Z,2024-10-09T17:56:24Z,34380,5747,57,MIT License,nlp
HanLP,hankcs,"Natural Language Processing for the next decade. Tokenization, Part-of-Speech Tagging, Named Entity Recognition, Syntactic & Semantic Dependency Parsing, Document Classification",https://github.com/hankcs/HanLP,Python,2014-10-09T06:36:16Z,2024-10-09T16:00:02Z,33649,10051,13,Apache License 2.0,nlp
spaCy,explosion,ðŸ’« Industrial-strength Natural Language Processing (NLP) in Python,https://github.com/explosion/spaCy,Python,2014-07-03T15:15:40Z,2024-10-09T19:11:48Z,29807,4370,147,MIT License,nlp
500-AI-Machine-learning-Deep-learning-Computer-vision-NLP-Projects-with-code,ashishpatel26,500 AI Machine learning Deep learning Computer vision NLP Projects with code,https://github.com/ashishpatel26/500-AI-Machine-learning-Deep-learning-Computer-vision-NLP-Projects-with-code,,2021-01-02T12:08:37Z,2024-10-09T17:47:57Z,19961,5094,41,No License,nlp
unilm,microsoft,"Large-scale Self-supervised Pre-training Across Tasks, Languages, and Modalities",https://github.com/microsoft/unilm,Python,2019-07-23T04:15:28Z,2024-10-09T18:05:43Z,19724,2512,614,MIT License,nlp
datasets,huggingface,"ðŸ¤— The largest hub of ready-to-use datasets for ML models with fast, easy-to-use and efficient data manipulation tools",https://github.com/huggingface/datasets,Python,2020-03-26T09:23:22Z,2024-10-09T16:04:12Z,19120,2659,752,Apache License 2.0,nlp
ragflow,infiniflow,RAGFlow is an open-source RAG (Retrieval-Augmented Generation) engine based on deep document understanding.,https://github.com/infiniflow/ragflow,Python,2023-12-12T06:13:13Z,2024-10-09T19:23:10Z,18859,1916,485,Apache License 2.0,nlp
rasa,RasaHQ,"ðŸ’¬   Open source machine learning framework to automate text- and voice-based conversations: NLU, dialogue management, connect to Slack, Facebook, and more - Create chatbots and voice assistants",https://github.com/RasaHQ/rasa,Python,2016-10-14T12:27:49Z,2024-10-09T16:08:59Z,18740,4616,124,Apache License 2.0,nlp
Chinese-LLaMA-Alpaca,ymcui,ä¸­æ–‡LLaMA&Alpacaå¤§è¯­è¨€æ¨¡åž‹+æœ¬åœ°CPU/GPUè®­ç»ƒéƒ¨ç½² (Chinese LLaMA & Alpaca LLMs),https://github.com/ymcui/Chinese-LLaMA-Alpaca,Python,2023-03-15T11:09:39Z,2024-10-09T18:18:27Z,18247,1862,6,Apache License 2.0,nlp
haystack,deepset-ai,":mag: AI orchestration framework to build customizable, production-ready LLM applications. Connect components (models, vector DBs, file converters) to pipelines or agents that can interact with your data. With advanced retrieval methods, it's best suited for building RAG, question answering, semantic search or conversational agent chatbots.",https://github.com/deepset-ai/haystack,Python,2019-11-14T09:05:28Z,2024-10-09T18:40:12Z,17050,1864,123,Apache License 2.0,nlp
awesome-nlp,keon,:book: A curated list of resources dedicated to Natural Language Processing (NLP),https://github.com/keon/awesome-nlp,,2015-12-01T11:11:33Z,2024-10-09T15:54:39Z,16539,2570,9,Creative Commons Zero v1.0 Universal,nlp
best-of-ml-python,ml-tooling,ðŸ† A ranked list of awesome machine learning Python libraries. Updated weekly.,https://github.com/ml-tooling/best-of-ml-python,,2020-11-29T19:41:36Z,2024-10-09T16:27:23Z,16322,2359,27,Creative Commons Attribution Share Alike 4.0 International,nlp
ML-NLP,NLP-LOVE,æ­¤é¡¹ç›®æ˜¯æœºå™¨å­¦ä¹ (Machine Learning)ã€æ·±åº¦å­¦ä¹ (Deep Learning)ã€NLPé¢è¯•ä¸­å¸¸è€ƒåˆ°çš„çŸ¥è¯†ç‚¹å’Œä»£ç å®žçŽ°ï¼Œä¹Ÿæ˜¯ä½œä¸ºä¸€ä¸ªç®—æ³•å·¥ç¨‹å¸ˆå¿…ä¼šçš„ç†è®ºåŸºç¡€çŸ¥è¯†ã€‚,https://github.com/NLP-LOVE/ML-NLP,Jupyter Notebook,2019-07-05T12:49:53Z,2024-10-09T16:41:42Z,15868,4522,34,No License,nlp
ML-YouTube-Courses,dair-ai,ðŸ“º Discover the latest machine learning / AI courses on YouTube.,https://github.com/dair-ai/ML-YouTube-Courses,,2021-06-25T09:39:16Z,2024-10-09T17:19:28Z,15846,1894,14,Creative Commons Zero v1.0 Universal,nlp
lectures,oxford-cs-deepnlp-2017, Oxford Deep NLP 2017 course,https://github.com/oxford-cs-deepnlp-2017/lectures,,2017-02-06T11:32:46Z,2024-10-08T09:21:49Z,15644,3577,12,No License,nlp
gensim,piskvorky,Topic Modelling for Humans,https://github.com/piskvorky/gensim,Python,2011-02-10T07:43:04Z,2024-10-09T04:05:06Z,15602,4375,410,GNU Lesser General Public License v2.1,nlp
Awesome-pytorch-list,bharathgs,"A comprehensive list of pytorch related content on github,such as different models,implementations,helper libraries,tutorials etc.",https://github.com/bharathgs/Awesome-pytorch-list,,2017-03-01T16:58:16Z,2024-10-09T18:43:52Z,15358,2817,5,No License,nlp
Awesome-Chinese-LLM,HqWu-HITCS,æ•´ç†å¼€æºçš„ä¸­æ–‡å¤§è¯­è¨€æ¨¡åž‹ï¼Œä»¥è§„æ¨¡è¾ƒå°ã€å¯ç§æœ‰åŒ–éƒ¨ç½²ã€è®­ç»ƒæˆæœ¬è¾ƒä½Žçš„æ¨¡åž‹ä¸ºä¸»ï¼ŒåŒ…æ‹¬åº•åº§æ¨¡åž‹ï¼Œåž‚ç›´é¢†åŸŸå¾®è°ƒåŠåº”ç”¨ï¼Œæ•°æ®é›†ä¸Žæ•™ç¨‹ç­‰ã€‚,https://github.com/HqWu-HITCS/Awesome-Chinese-LLM,,2023-05-22T12:27:03Z,2024-10-09T17:34:24Z,15299,1425,0,No License,nlp
nlp-tutorial,graykode,Natural Language Processing Tutorial for Deep Learning Researchers,https://github.com/graykode/nlp-tutorial,Jupyter Notebook,2019-01-09T11:44:20Z,2024-10-09T09:13:51Z,14116,3917,37,MIT License,nlp
Virgilio,virgili0,Your new Mentor for Data Science E-Learning.,https://github.com/virgili0/Virgilio,Jupyter Notebook,2019-03-12T18:45:36Z,2024-10-09T17:26:59Z,13941,2487,25,Other,nlp
flair,flairNLP,A very simple framework for state-of-the-art Natural Language Processing (NLP),https://github.com/flairNLP/flair,Python,2018-06-11T11:04:18Z,2024-10-09T12:10:54Z,13862,2097,115,Other,nlp
FinGPT,AI4Finance-Foundation,FinGPT: Open-Source Financial Large Language Models!  Revolutionize ðŸ”¥    We release the trained model on HuggingFace.,https://github.com/AI4Finance-Foundation/FinGPT,Jupyter Notebook,2023-02-11T20:21:34Z,2024-10-09T18:37:59Z,13753,1911,74,MIT License,nlp
nltk,nltk,NLTK Source,https://github.com/nltk/nltk,Python,2009-09-07T10:53:58Z,2024-10-09T15:43:11Z,13498,2877,276,Apache License 2.0,nlp
DeepLearningExamples,NVIDIA,State-of-the-Art Deep Learning scripts organized by models - easy to train and deploy with reproducible accuracy and performance on enterprise-grade infrastructure.,https://github.com/NVIDIA/DeepLearningExamples,Jupyter Notebook,2018-05-02T17:04:05Z,2024-10-09T14:28:12Z,13339,3192,341,No License,nlp
PaddleHub,PaddlePaddle,"Awesome pre-trained models toolkit based on PaddlePaddle. (400+ models including Image, Text, Audio, Video and Cross-Modal with Easy Inference & Serving)ã€å®‰å…¨åŠ å›ºï¼Œæš‚åœäº¤äº’ï¼Œè¯·è€å¿ƒç­‰å¾…ã€‘",https://github.com/PaddlePaddle/PaddleHub,Python,2018-12-21T06:00:48Z,2024-10-09T11:54:21Z,12692,2076,579,Apache License 2.0,nlp
botpress,botpress,The open-source hub to build & deploy GPT/LLM Agents âš¡ï¸,https://github.com/botpress/botpress,TypeScript,2016-11-16T21:57:59Z,2024-10-09T18:39:47Z,12609,1760,16,MIT License,nlp
storm,stanford-oval,An LLM-powered knowledge curation system that researches a topic and generates a full-length report with citations.,https://github.com/stanford-oval/storm,Python,2024-03-24T16:23:39Z,2024-10-09T17:20:43Z,12034,1086,27,MIT License,nlp
ollama,ollama,"Get up and running with Llama 3.2, Mistral, Gemma 2, and other large language models.",https://github.com/ollama/ollama,C++,2023-06-26T19:39:32Z,2024-10-09T19:27:10Z,92639,7304,1371,MIT License,llm
dify,langgenius,"Dify is an open-source LLM app development platform. Dify's intuitive interface combines AI workflow, RAG pipeline, agent capabilities, model management, observability features and more, letting you quickly go from prototype to production.",https://github.com/langgenius/dify,TypeScript,2023-04-12T07:40:24Z,2024-10-09T17:37:09Z,47423,6760,307,Other,llm
MetaGPT,geekan,"ðŸŒŸ The Multi-Agent Framework: First AI Software Company, Towards Natural Language Programming",https://github.com/geekan/MetaGPT,Python,2023-06-30T09:04:55Z,2024-10-09T15:04:51Z,44137,5248,306,MIT License,llm
open-webui,open-webui,"User-friendly AI Interface (Supports Ollama, OpenAI API, ...)",https://github.com/open-webui/open-webui,Svelte,2023-10-06T22:08:27Z,2024-10-09T19:08:21Z,42101,5014,131,MIT License,llm
llm-course,mlabonne,Course to get into Large Language Models (LLMs) with roadmaps and Colab notebooks.,https://github.com/mlabonne/llm-course,Jupyter Notebook,2023-06-17T22:16:25Z,2024-10-09T16:44:15Z,37906,3993,52,Apache License 2.0,llm
quivr,QuivrHQ,"Open-source RAG Framework for building GenAI Second Brains ðŸ§   Build productivity assistant (RAG) âš¡ï¸ðŸ¤– Chat with your docs (PDF, CSV, ...)  & apps using Langchain, GPT 3.5 / 4 turbo, Private, Anthropic, VertexAI, Ollama, LLMs, Groq  that you can share with users !  Efficient retrieval augmented generation framework",https://github.com/QuivrHQ/quivr,Python,2023-05-12T23:53:30Z,2024-10-09T14:54:14Z,36236,3523,139,Other,llm
llama_index,run-llama,LlamaIndex is a data framework for your LLM applications,https://github.com/run-llama/llama_index,Python,2022-11-02T04:24:54Z,2024-10-09T18:38:58Z,35943,5108,617,MIT License,llm
OpenHands,All-Hands-AI,"ðŸ™Œ OpenHands: Code Less, Make More",https://github.com/All-Hands-AI/OpenHands,Python,2024-03-13T03:33:31Z,2024-10-09T18:16:18Z,32823,3757,151,MIT License,llm
LLaMA-Factory,hiyouga,Unified Efficient Fine-Tuning of 100+ LLMs (ACL 2024),https://github.com/hiyouga/LLaMA-Factory,Python,2023-05-28T10:09:12Z,2024-10-09T19:09:10Z,32083,3931,202,Apache License 2.0,llm
Langchain-Chatchat,chatchat-space,"Langchain-Chatchatï¼ˆåŽŸLangchain-ChatGLMï¼‰åŸºäºŽ Langchain ä¸Ž ChatGLM, Qwen ä¸Ž Llama ç­‰è¯­è¨€æ¨¡åž‹çš„ RAG ä¸Ž Agent åº”ç”¨ | Langchain-Chatchat (formerly langchain-ChatGLM), local knowledge based LLM (like ChatGLM, Qwen and Llama) RAG and Agent app with langchain ",https://github.com/chatchat-space/Langchain-Chatchat,TypeScript,2023-03-31T12:12:45Z,2024-10-09T17:34:36Z,31508,5490,90,Apache License 2.0,llm
ChatTTS,2noise,A generative speech model for daily dialogue.,https://github.com/2noise/ChatTTS,Python,2024-05-27T18:26:49Z,2024-10-09T16:58:00Z,31333,3394,109,GNU Affero General Public License v3.0,llm
chatgpt-on-wechat,zhayujie,åŸºäºŽå¤§æ¨¡åž‹æ­å»ºçš„èŠå¤©æœºå™¨äººï¼ŒåŒæ—¶æ”¯æŒ å¾®ä¿¡å…¬ä¼—å·ã€ä¼ä¸šå¾®ä¿¡åº”ç”¨ã€é£žä¹¦ã€é’‰é’‰ ç­‰æŽ¥å…¥ï¼Œå¯é€‰æ‹©GPT3.5/GPT-4o/GPT-o1/ Claude/æ–‡å¿ƒä¸€è¨€/è®¯é£žæ˜Ÿç«/é€šä¹‰åƒé—®/ Gemini/GLM-4/Claude/Kimi/LinkAIï¼Œèƒ½å¤„ç†æ–‡æœ¬ã€è¯­éŸ³å’Œå›¾ç‰‡ï¼Œè®¿é—®æ“ä½œç³»ç»Ÿå’Œäº’è”ç½‘ï¼Œæ”¯æŒåŸºäºŽè‡ªæœ‰çŸ¥è¯†åº“è¿›è¡Œå®šåˆ¶ä¼ä¸šæ™ºèƒ½å®¢æœã€‚,https://github.com/zhayujie/chatgpt-on-wechat,Python,2022-08-07T08:33:41Z,2024-10-09T16:57:57Z,30365,7973,306,MIT License,llm
milvus,milvus-io,"A cloud-native vector database, storage for next generation AI applications",https://github.com/milvus-io/milvus,Go,2019-09-16T06:43:43Z,2024-10-09T18:57:02Z,29824,2861,740,Apache License 2.0,llm
LLMs-from-scratch,rasbt,"Implementing a ChatGPT-like LLM in PyTorch from scratch, step by step",https://github.com/rasbt/LLMs-from-scratch,Jupyter Notebook,2023-07-23T18:15:57Z,2024-10-09T18:52:57Z,28850,3309,1,Other,llm
Mr.-Ranedeer-AI-Tutor,JushBJJ,A GPT-4 AI Tutor Prompt for customizable personalized learning experiences.,https://github.com/JushBJJ/Mr.-Ranedeer-AI-Tutor,,2023-03-31T12:37:26Z,2024-10-09T14:08:02Z,28624,3291,14,No License,llm
vllm,vllm-project,A high-throughput and memory-efficient inference and serving engine for LLMs,https://github.com/vllm-project/vllm,Python,2023-02-09T11:23:20Z,2024-10-09T19:04:21Z,28075,4147,2088,Apache License 2.0,llm
mindsdb,mindsdb,The platform for building AI from enterprise data,https://github.com/mindsdb/mindsdb,Python,2018-08-02T17:56:45Z,2024-10-09T17:51:17Z,26509,4815,193,Other,llm
anything-llm,Mintplex-Labs,"The all-in-one Desktop & Docker AI application with built-in RAG, AI agents, and more.",https://github.com/Mintplex-Labs/anything-llm,JavaScript,2023-06-04T02:29:14Z,2024-10-09T18:52:54Z,24339,2435,179,MIT License,llm
LocalAI,mudler,":robot: The free, Open Source alternative to OpenAI, Claude and others. Self-hosted and local-first. Drop-in replacement for OpenAI,  running on consumer-grade hardware. No GPU required. Runs gguf, transformers, diffusers and many more models architectures. Features: Generate Text, Audio, Video, Images, Voice Cloning, Distributed inference",https://github.com/mudler/LocalAI,C++,2023-03-18T22:58:02Z,2024-10-09T18:29:04Z,23813,1820,375,MIT License,llm
mem0,mem0ai,The Memory layer for your AI apps,https://github.com/mem0ai/mem0,Python,2023-06-20T08:58:36Z,2024-10-09T17:14:51Z,22215,2042,194,Apache License 2.0,llm
semantic-kernel,microsoft,Integrate cutting-edge LLM technology quickly and easily into your apps,https://github.com/microsoft/semantic-kernel,C#,2023-02-27T17:39:42Z,2024-10-09T18:57:15Z,21574,3195,544,MIT License,llm
architecture.of.internet-product,davideuler,äº’è”ç½‘å…¬å¸æŠ€æœ¯æž¶æž„ï¼Œå¾®ä¿¡/æ·˜å®/å¾®åš/è…¾è®¯/é˜¿é‡Œ/ç¾Žå›¢ç‚¹è¯„/ç™¾åº¦/OpenAI/Google/Facebook/Amazon/eBayçš„æž¶æž„ï¼Œæ¬¢è¿ŽPRè¡¥å……,https://github.com/davideuler/architecture.of.internet-product,HTML,2018-04-30T10:25:31Z,2024-10-09T13:16:17Z,20035,4663,3,No License,llm
unilm,microsoft,"Large-scale Self-supervised Pre-training Across Tasks, Languages, and Modalities",https://github.com/microsoft/unilm,Python,2019-07-23T04:15:28Z,2024-10-09T18:05:43Z,19724,2512,614,MIT License,llm
ragflow,infiniflow,RAGFlow is an open-source RAG (Retrieval-Augmented Generation) engine based on deep document understanding.,https://github.com/infiniflow/ragflow,Python,2023-12-12T06:13:13Z,2024-10-09T19:23:10Z,18859,1916,485,Apache License 2.0,llm
mlc-llm,mlc-ai,Universal LLM Deployment Engine with ML Compilation,https://github.com/mlc-ai/mlc-llm,Python,2023-04-29T01:59:25Z,2024-10-09T18:17:56Z,18838,1536,201,Apache License 2.0,llm
Chinese-LLaMA-Alpaca,ymcui,ä¸­æ–‡LLaMA&Alpacaå¤§è¯­è¨€æ¨¡åž‹+æœ¬åœ°CPU/GPUè®­ç»ƒéƒ¨ç½² (Chinese LLaMA & Alpaca LLMs),https://github.com/ymcui/Chinese-LLaMA-Alpaca,Python,2023-03-15T11:09:39Z,2024-10-09T18:18:27Z,18247,1862,6,Apache License 2.0,llm
graphrag,microsoft,A modular graph-based Retrieval-Augmented Generation (RAG) system,https://github.com/microsoft/graphrag,Python,2024-03-27T17:57:52Z,2024-10-09T16:06:09Z,17925,1725,160,MIT License,llm
continue,continuedev,â© Continue is the leading open-source AI code assistant. You can connect any models and any context to build custom autocomplete and chat experiences inside VS Code and JetBrains,https://github.com/continuedev/continue,TypeScript,2023-05-24T03:39:39Z,2024-10-09T19:06:35Z,17869,1395,584,Apache License 2.0,llm
FastGPT,labring,"FastGPT is a knowledge-based platform built on the LLMs, offers a comprehensive suite of out-of-the-box capabilities such as data processing, RAG retrieval, and visual AI workflow orchestration, letting you easily develop and deploy complex question-answering systems without the need for extensive setup or configuration.",https://github.com/labring/FastGPT,TypeScript,2023-02-23T16:53:25Z,2024-10-09T17:30:03Z,17277,4631,280,Other,llm
haystack,deepset-ai,":mag: AI orchestration framework to build customizable, production-ready LLM applications. Connect components (models, vector DBs, file converters) to pipelines or agents that can interact with your data. With advanced retrieval methods, it's best suited for building RAG, question answering, semantic search or conversational agent chatbots.",https://github.com/deepset-ai/haystack,Python,2019-11-14T09:05:28Z,2024-10-09T18:40:12Z,17050,1864,123,Apache License 2.0,llm
AutoGPT,Significant-Gravitas,"AutoGPT is the vision of accessible AI for everyone, to use and to build on. Our mission is to provide the tools, so that you can focus on what matters.",https://github.com/Significant-Gravitas/AutoGPT,Python,2023-03-16T09:21:07Z,2024-10-09T18:59:22Z,167344,44204,124,Other,ai
stable-diffusion-webui,AUTOMATIC1111,Stable Diffusion web UI,https://github.com/AUTOMATIC1111/stable-diffusion-webui,Python,2022-08-22T14:05:26Z,2024-10-09T18:44:26Z,140868,26649,2294,GNU Affero General Public License v3.0,ai
supabase,supabase,"The open source Firebase alternative. Supabase gives you a dedicated Postgres database to build your web, mobile, and AI applications.",https://github.com/supabase/supabase,TypeScript,2019-10-12T05:56:49Z,2024-10-09T18:48:23Z,72451,6957,498,Apache License 2.0,ai
generative-ai-for-beginners,microsoft,"21 Lessons, Get Started Building with Generative AI  ðŸ”— https://microsoft.github.io/generative-ai-for-beginners/",https://github.com/microsoft/generative-ai-for-beginners,Jupyter Notebook,2023-06-19T16:28:59Z,2024-10-09T19:26:07Z,63335,32269,13,MIT License,ai
ChatGPT,lencx,"ðŸ”® ChatGPT Desktop Application (Mac, Windows and Linux)",https://github.com/lencx/ChatGPT,Rust,2022-12-07T09:43:02Z,2024-10-09T16:55:50Z,52532,5904,739,No License,ai
gpt-engineer,gpt-engineer-org,Platform to experiment with the AI Software Engineer. Terminal based. NOTE: Very different from https://gptengineer.app,https://github.com/gpt-engineer-org/gpt-engineer,Python,2023-04-29T12:52:15Z,2024-10-09T18:21:05Z,52148,6796,21,MIT License,ai
dify,langgenius,"Dify is an open-source LLM app development platform. Dify's intuitive interface combines AI workflow, RAG pipeline, agent capabilities, model management, observability features and more, letting you quickly go from prototype to production.",https://github.com/langgenius/dify,TypeScript,2023-04-12T07:40:24Z,2024-10-09T17:37:09Z,47423,6760,307,Other,ai
lobe-chat,lobehub,"ðŸ¤¯ Lobe Chat - an open-source, modern-design AI chat framework. Supports Multi AI Providers( OpenAI / Claude 3 / Gemini / Ollama / Azure /  DeepSeek), Knowledge Base (file upload / knowledge management / RAG ), Multi-Modals (Vision/TTS) and plugin system. One-click FREE deployment of your private ChatGPT/ Claude application.",https://github.com/lobehub/lobe-chat,TypeScript,2023-05-21T07:19:12Z,2024-10-09T19:01:54Z,42250,9545,423,Other,ai
open-webui,open-webui,"User-friendly AI Interface (Supports Ollama, OpenAI API, ...)",https://github.com/open-webui/open-webui,Svelte,2023-10-06T22:08:27Z,2024-10-09T19:08:21Z,42101,5014,131,MIT License,ai
kong,Kong,ðŸ¦ The Cloud-Native API Gateway and AI Gateway.,https://github.com/Kong/kong,Lua,2014-11-17T23:56:08Z,2024-10-09T18:28:44Z,39020,4786,135,Apache License 2.0,ai
ColossalAI,hpcaitech,"Making large AI models cheaper, faster and more accessible",https://github.com/hpcaitech/ColossalAI,Python,2021-10-28T16:19:44Z,2024-10-09T16:19:37Z,38711,4339,435,Apache License 2.0,ai
Deep-Live-Cam,hacksider,real time face swap and one-click video deepfake with only a single image,https://github.com/hacksider/Deep-Live-Cam,Python,2023-09-24T13:19:31Z,2024-10-09T19:23:31Z,37978,5440,256,GNU Affero General Public License v3.0,ai
ClickHouse,ClickHouse,ClickHouseÂ® is a real-time analytics DBMS,https://github.com/ClickHouse/ClickHouse,C++,2016-06-02T08:28:18Z,2024-10-09T19:03:20Z,37048,6835,3840,Apache License 2.0,ai
Open-Assistant,LAION-AI,"OpenAssistant is a chat-based assistant that understands tasks, can interact with third-party systems, and retrieve information dynamically to do so.",https://github.com/LAION-AI/Open-Assistant,Python,2022-12-13T05:24:17Z,2024-10-09T13:10:50Z,36998,3226,290,Apache License 2.0,ai
quivr,QuivrHQ,"Open-source RAG Framework for building GenAI Second Brains ðŸ§   Build productivity assistant (RAG) âš¡ï¸ðŸ¤– Chat with your docs (PDF, CSV, ...)  & apps using Langchain, GPT 3.5 / 4 turbo, Private, Anthropic, VertexAI, Ollama, LLMs, Groq  that you can share with users !  Efficient retrieval augmented generation framework",https://github.com/QuivrHQ/quivr,Python,2023-05-12T23:53:30Z,2024-10-09T14:54:14Z,36236,3523,139,Other,ai
MockingBird,babysor,ðŸš€AIæ‹Ÿå£°: 5ç§’å†…å…‹éš†æ‚¨çš„å£°éŸ³å¹¶ç”Ÿæˆä»»æ„è¯­éŸ³å†…å®¹ Clone a voice in 5 seconds to generate arbitrary speech in real-time,https://github.com/babysor/MockingBird,Python,2021-08-07T03:53:39Z,2024-10-09T18:03:48Z,35059,5195,469,Other,ai
photoprism,photoprism,AI-Powered Photos App for the Decentralized Web ðŸŒˆðŸ’Žâœ¨,https://github.com/photoprism/photoprism,Go,2018-01-27T12:00:15Z,2024-10-09T15:41:00Z,34967,1918,470,Other,ai
AI-For-Beginners,microsoft,"12 Weeks, 24 Lessons, AI for All!",https://github.com/microsoft/AI-For-Beginners,Jupyter Notebook,2021-03-03T16:27:36Z,2024-10-09T17:56:24Z,34380,5747,57,MIT License,ai
google-research,google-research,Google Research,https://github.com/google-research/google-research,Jupyter Notebook,2018-10-04T18:42:48Z,2024-10-09T15:14:49Z,34019,7852,1478,Apache License 2.0,ai
gold-miner,xitu,ðŸ¥‡æŽ˜é‡‘ç¿»è¯‘è®¡åˆ’ï¼Œå¯èƒ½æ˜¯ä¸–ç•Œæœ€å¤§æœ€å¥½çš„è‹±è¯‘ä¸­æŠ€æœ¯ç¤¾åŒºï¼Œæœ€æ‡‚è¯»è€…å’Œè¯‘è€…çš„ç¿»è¯‘å¹³å°ï¼š,https://github.com/xitu/gold-miner,,2015-11-04T03:29:13Z,2024-10-09T09:57:20Z,33710,5023,7,No License,ai
GitHubDaily,GitHubDaily,"åšæŒåˆ†äº« GitHub ä¸Šé«˜è´¨é‡ã€æœ‰è¶£å®žç”¨çš„å¼€æºæŠ€æœ¯æ•™ç¨‹ã€å¼€å‘è€…å·¥å…·ã€ç¼–ç¨‹ç½‘ç«™ã€æŠ€æœ¯èµ„è®¯ã€‚A list cool, interesting projects of GitHub.",https://github.com/GitHubDaily/GitHubDaily,,2018-12-30T13:56:58Z,2024-10-09T17:36:19Z,32141,3536,279,No License,ai
LLaMA-Factory,hiyouga,Unified Efficient Fine-Tuning of 100+ LLMs (ACL 2024),https://github.com/hiyouga/LLaMA-Factory,Python,2023-05-28T10:09:12Z,2024-10-09T19:09:10Z,32083,3931,202,Apache License 2.0,ai
gpt-pilot,Pythagora-io,The first real AI developer,https://github.com/Pythagora-io/gpt-pilot,Python,2023-08-16T11:56:07Z,2024-10-09T18:40:11Z,31124,3125,234,Other,ai
upscayl,upscayl,"ðŸ†™ Upscayl - #1 Free and Open Source AI Image Upscaler for Linux, MacOS and Windows.",https://github.com/upscayl/upscayl,TypeScript,2022-07-30T17:19:20Z,2024-10-09T19:04:50Z,30366,1384,36,GNU Affero General Public License v3.0,ai
chatgpt-on-wechat,zhayujie,åŸºäºŽå¤§æ¨¡åž‹æ­å»ºçš„èŠå¤©æœºå™¨äººï¼ŒåŒæ—¶æ”¯æŒ å¾®ä¿¡å…¬ä¼—å·ã€ä¼ä¸šå¾®ä¿¡åº”ç”¨ã€é£žä¹¦ã€é’‰é’‰ ç­‰æŽ¥å…¥ï¼Œå¯é€‰æ‹©GPT3.5/GPT-4o/GPT-o1/ Claude/æ–‡å¿ƒä¸€è¨€/è®¯é£žæ˜Ÿç«/é€šä¹‰åƒé—®/ Gemini/GLM-4/Claude/Kimi/LinkAIï¼Œèƒ½å¤„ç†æ–‡æœ¬ã€è¯­éŸ³å’Œå›¾ç‰‡ï¼Œè®¿é—®æ“ä½œç³»ç»Ÿå’Œäº’è”ç½‘ï¼Œæ”¯æŒåŸºäºŽè‡ªæœ‰çŸ¥è¯†åº“è¿›è¡Œå®šåˆ¶ä¼ä¸šæ™ºèƒ½å®¢æœã€‚,https://github.com/zhayujie/chatgpt-on-wechat,Python,2022-08-07T08:33:41Z,2024-10-09T16:57:57Z,30365,7973,306,MIT License,ai
spaCy,explosion,ðŸ’« Industrial-strength Natural Language Processing (NLP) in Python,https://github.com/explosion/spaCy,Python,2014-07-03T15:15:40Z,2024-10-09T19:11:48Z,29807,4370,147,MIT License,ai
AI-Expert-Roadmap,AMAI-GmbH,Roadmap to becoming an Artificial Intelligence Expert in 2022,https://github.com/AMAI-GmbH/AI-Expert-Roadmap,JavaScript,2020-10-24T21:49:40Z,2024-10-09T16:15:24Z,29070,2473,20,MIT License,ai
Mr.-Ranedeer-AI-Tutor,JushBJJ,A GPT-4 AI Tutor Prompt for customizable personalized learning experiences.,https://github.com/JushBJJ/Mr.-Ranedeer-AI-Tutor,,2023-03-31T12:37:26Z,2024-10-09T14:08:02Z,28624,3291,14,No License,ai
roop,s0md3v,one-click face swap,https://github.com/s0md3v/roop,Python,2023-05-28T14:37:54Z,2024-10-09T17:55:51Z,28245,6837,9,GNU General Public License v3.0,ai
pytorch-lightning,Lightning-AI,"Pretrain, finetune and deploy AI models on multiple GPUs, TPUs with zero code changes.",https://github.com/Lightning-AI/pytorch-lightning,Python,2019-03-31T00:45:57Z,2024-10-09T15:20:26Z,28133,3370,846,Apache License 2.0,ai
datahub,datopian,ðŸŒ€ Rapidly build rich data portals using a modern frontend framework,https://github.com/datopian/datahub,TypeScript,2011-10-14T21:44:30Z,2024-10-09T14:46:14Z,2196,327,83,MIT License,data-fabric
data-management-zone,Azure,Template to deploy the Data Management Zone of Cloud Scale Analytics (former Enterprise-Scale Analytics). The Data Management Zone provides data governance and management capabilities for the data platform of an organization.,https://github.com/Azure/data-management-zone,Bicep,2020-08-07T13:20:46Z,2024-08-12T03:56:26Z,169,89,34,MIT License,data-fabric
data-landing-zone,Azure,Template to deploy a single Data Landing Zone of the Data Management & Analytics Scenario (former Enterprise-Scale Analytics). The Data Landing Zone is a logical construct and a unit of scale in the architecture that enables data retention and execution of data workloads for generating insights and value with data.,https://github.com/Azure/data-landing-zone,Bicep,2020-08-07T13:14:11Z,2024-09-17T14:14:29Z,165,68,17,MIT License,data-fabric
data-product-analytics,Azure,Template to deploy a Data Product for analytics and data science use-cases into a Data Landing Zone of the Data Management & Analytics Scenario (former Enterprise-Scale Analytics). The Data Product template can be used by cross-functional teams to create insights and products for external users.,https://github.com/Azure/data-product-analytics,Bicep,2020-08-12T12:32:05Z,2024-08-13T07:21:10Z,74,25,7,MIT License,data-fabric
odm-specification-dpdescriptor,opendatamesh-initiative,The Data Product Descriptor Specification (DPDS) Repository,https://github.com/opendatamesh-initiative/odm-specification-dpdescriptor,HTML,2022-11-04T08:38:06Z,2024-09-21T02:57:55Z,67,2,12,Apache License 2.0,data-fabric
data-product-batch,Azure,"Template to deploy a Data Product for Batch data processing into a Data Landing Zone of the Data Management & Analytics Scenario (former Enterprise-Scale Analytics). The Data Product template can be used by cross-functional teams to ingest, provide and create new data assets within the platform.",https://github.com/Azure/data-product-batch,Bicep,2020-09-10T11:54:30Z,2024-10-05T04:33:01Z,38,22,5,MIT License,data-fabric
data-product-streaming,Azure,"Template to deploy a Data Product for data stream processing into a Data Landing Zone of the Data Management & Analytics Scenario (former Enterprise-Scale Analytics). The Data Product template can be used by cross-functional teams to ingest, provide and create new data assets within the platform.",https://github.com/Azure/data-product-streaming,Bicep,2020-09-07T11:58:24Z,2024-07-18T10:25:23Z,36,14,5,MIT License,data-fabric
guidance-for-digital-thread-using-graph-and-generative-ai-on-aws,aws-solutions-library-samples,"This Guidance demonstrates how to create an intelligent manufacturing digital thread through a combination of knowledge graph and generative artificial intelligence (AI) technologies. A digital thread offers an integrated approach to combine disparate data sources across enterprise systems, increasing traceability, accessibility, collaboration.",https://github.com/aws-solutions-library-samples/guidance-for-digital-thread-using-graph-and-generative-ai-on-aws,Python,2024-02-22T23:30:54Z,2024-10-08T19:45:51Z,15,6,3,MIT No Attribution,data-fabric
odm-platform,opendatamesh-initiative,A platform to manage the data product life cycle,https://github.com/opendatamesh-initiative/odm-platform,HTML,2023-05-01T17:14:49Z,2024-09-06T23:13:11Z,11,3,7,Apache License 2.0,data-fabric
ms-data-fabric,wx-chevalier,"Data Fabric,  OLAP Browser & BI tools, building APIs visually. APIs for cross-database querying, flow-based business process management etc.",https://github.com/wx-chevalier/ms-data-fabric,Java,2018-12-26T07:07:51Z,2023-04-15T15:06:03Z,4,1,33,No License,data-fabric
xoom-symbio-geode,vlingo,"The VLINGO XOOM platform SDK implementation of XOOM SYMBIO for Apache Geode, providing reactive storage for services and applications.",https://github.com/vlingo/xoom-symbio-geode,Java,2018-10-18T15:13:46Z,2021-11-03T16:05:27Z,3,2,5,Mozilla Public License 2.0,data-fabric
CN-Data-Fabric-Provider,manab-kb,CN Project - A repository containing an implementation of a distributed data fabric provider for intermittent communication in conflict zone scenarios.,https://github.com/manab-kb/CN-Data-Fabric-Provider,Python,2023-02-24T10:39:41Z,2023-03-04T14:32:20Z,1,0,3,MIT License,data-fabric
fabrica-dados-laboratorio,pamepeixinho,Projeto de TÃ©cnicas de ProgramaÃ§Ã£o II (FEI) / Project of Programming Techniques class (FEI),https://github.com/pamepeixinho/fabrica-dados-laboratorio,Java,2015-08-13T14:45:40Z,2018-04-01T23:39:09Z,0,0,0,No License,data-fabric
ML-For-Beginners,microsoft,"12 weeks, 26 lessons, 52 quizzes, classic Machine Learning for all",https://github.com/microsoft/ML-For-Beginners,HTML,2021-03-03T01:34:05Z,2024-10-09T18:26:34Z,69373,14354,9,MIT License,data-science
superset,apache,Apache Superset is a Data Visualization and Data Exploration Platform,https://github.com/apache/superset,TypeScript,2015-07-21T18:55:34Z,2024-10-09T19:26:11Z,62145,13639,983,Apache License 2.0,data-science
keras,keras-team,Deep Learning for humans,https://github.com/keras-team/keras,Python,2015-03-28T00:35:42Z,2024-10-09T18:18:24Z,61847,19438,254,Apache License 2.0,data-science
scikit-learn,scikit-learn,scikit-learn: machine learning in Python,https://github.com/scikit-learn/scikit-learn,Python,2010-08-17T09:43:38Z,2024-10-09T19:20:46Z,59707,25319,2122,"BSD 3-Clause ""New"" or ""Revised"" License",data-science
pandas,pandas-dev,"Flexible and powerful data analysis / manipulation library for Python, providing labeled data structures similar to R data.frame objects, statistical functions, and much more",https://github.com/pandas-dev/pandas,Python,2010-08-24T01:37:33Z,2024-10-09T19:05:09Z,43454,17865,3615,"BSD 3-Clause ""New"" or ""Revised"" License",data-science
Made-With-ML,GokuMohandas,"Learn how to design, develop, deploy and iterate on production-grade ML applications.",https://github.com/GokuMohandas/Made-With-ML,Jupyter Notebook,2018-11-05T03:44:27Z,2024-10-09T19:02:56Z,37241,5895,20,MIT License,data-science
airflow,apache,"Apache Airflow - A platform to programmatically author, schedule, and monitor workflows",https://github.com/apache/airflow,Python,2015-04-13T18:04:58Z,2024-10-09T19:25:14Z,36617,14175,1197,Apache License 2.0,data-science
streamlit,streamlit,Streamlit â€” A faster way to build and share data apps.,https://github.com/streamlit/streamlit,Python,2019-08-24T00:14:52Z,2024-10-09T18:28:38Z,35008,3030,963,Apache License 2.0,data-science
ray,ray-project,Ray is a unified framework for scaling AI and Python applications. Ray consists of a core distributed runtime and a set of AI Libraries for accelerating ML workloads.,https://github.com/ray-project/ray,Python,2016-10-25T19:38:30Z,2024-10-09T18:03:42Z,33348,5648,4072,Apache License 2.0,data-science
gradio,gradio-app,"Build and share delightful machine learning apps, all in Python. ðŸŒŸ Star to support our work!",https://github.com/gradio-app/gradio,Python,2018-12-19T08:24:04Z,2024-10-09T19:07:19Z,32611,2453,550,Apache License 2.0,data-science
spaCy,explosion,ðŸ’« Industrial-strength Natural Language Processing (NLP) in Python,https://github.com/explosion/spaCy,Python,2014-07-03T15:15:40Z,2024-10-09T19:11:48Z,29807,4370,147,MIT License,data-science
AI-Expert-Roadmap,AMAI-GmbH,Roadmap to becoming an Artificial Intelligence Expert in 2022,https://github.com/AMAI-GmbH/AI-Expert-Roadmap,JavaScript,2020-10-24T21:49:40Z,2024-10-09T16:15:24Z,29070,2473,20,MIT License,data-science
pytorch-lightning,Lightning-AI,"Pretrain, finetune and deploy AI models on multiple GPUs, TPUs with zero code changes.",https://github.com/Lightning-AI/pytorch-lightning,Python,2019-03-31T00:45:57Z,2024-10-09T15:20:26Z,28133,3370,846,Apache License 2.0,data-science
Data-Science-For-Beginners,microsoft,"10 Weeks, 20 Lessons, Data Science for All!",https://github.com/microsoft/Data-Science-For-Beginners,Jupyter Notebook,2021-03-03T16:30:15Z,2024-10-09T18:25:27Z,27903,5766,55,MIT License,data-science
data-science-ipython-notebooks,donnemartin,"Data science Python notebooks: Deep learning (TensorFlow, Theano, Caffe, Keras), scikit-learn, Kaggle, big data (Spark, Hadoop MapReduce, HDFS), matplotlib, pandas, NumPy, SciPy, Python essentials, AWS, and various command lines.",https://github.com/donnemartin/data-science-ipython-notebooks,Python,2015-01-23T19:38:29Z,2024-10-09T18:22:22Z,27266,7850,39,Other,data-science
applied-ml,eugeneyan,ðŸ“š Papers & tech blogs by companies sharing their work on data science & machine learning in production.,https://github.com/eugeneyan/applied-ml,,2020-07-04T18:57:47Z,2024-10-09T19:02:15Z,27219,3675,2,MIT License,data-science
Probabilistic-Programming-and-Bayesian-Methods-for-Hackers,CamDavidsonPilon,"aka ""Bayesian Methods for Hackers"": An introduction to Bayesian methods + probabilistic programming with a computation/understanding-first, mathematics-second point of view. All in pure Python ;)  ",https://github.com/CamDavidsonPilon/Probabilistic-Programming-and-Bayesian-Methods-for-Hackers,Jupyter Notebook,2013-01-14T15:46:28Z,2024-10-09T16:42:03Z,26731,7874,203,MIT License,data-science
awesome-datascience,academic,:memo: An awesome Data Science repository to learn and apply for real world problems.,https://github.com/academic/awesome-datascience,,2014-07-05T07:07:43Z,2024-10-09T17:58:55Z,24863,5870,0,MIT License,data-science
ML-From-Scratch,eriklindernoren,Machine Learning From Scratch. Bare bones NumPy implementations of machine learning models and algorithms with a focus on accessibility. Aims to cover everything from linear regression to deep learning.,https://github.com/eriklindernoren/ML-From-Scratch,Python,2017-02-05T12:11:23Z,2024-10-09T15:22:15Z,23888,4583,51,MIT License,data-science
d2l-en,d2l-ai,"Interactive deep learning book with multi-framework code, math, and discussions. Adopted at 500 universities from 70 countries including Stanford, MIT, Harvard, and Cambridge.",https://github.com/d2l-ai/d2l-en,Python,2018-10-09T01:04:37Z,2024-10-09T18:10:10Z,23397,4296,140,Other,data-science
fastbook,fastai,"The fastai book, published as Jupyter Notebooks",https://github.com/fastai/fastbook,Jupyter Notebook,2020-02-28T19:26:47Z,2024-10-09T14:40:28Z,21670,8374,152,Other,data-science
dash,plotly,Data Apps & Dashboards for Python. No JavaScript Required.,https://github.com/plotly/dash,Python,2015-04-10T01:53:08Z,2024-10-09T13:33:28Z,21297,2054,482,MIT License,data-science
matplotlib,matplotlib,matplotlib: plotting with Python,https://github.com/matplotlib/matplotlib,Python,2011-02-19T03:17:12Z,2024-10-09T15:48:34Z,20086,7598,1593,No License,data-science
500-AI-Machine-learning-Deep-learning-Computer-vision-NLP-Projects-with-code,ashishpatel26,500 AI Machine learning Deep learning Computer vision NLP Projects with code,https://github.com/ashishpatel26/500-AI-Machine-learning-Deep-learning-Computer-vision-NLP-Projects-with-code,,2021-01-02T12:08:37Z,2024-10-09T17:47:57Z,19961,5094,41,No License,data-science
recommenders,recommenders-team,Best Practices on Recommendation Systems,https://github.com/recommenders-team/recommenders,Python,2018-09-19T10:06:07Z,2024-10-09T17:39:47Z,18926,3080,169,MIT License,data-science
excelize,qax-os,Go language library for reading and writing Microsoft Excelâ„¢ (XLAM / XLSM / XLSX / XLTM / XLTX) spreadsheets,https://github.com/qax-os/excelize,Go,2016-08-29T12:32:12Z,2024-10-09T10:49:07Z,18066,1709,115,"BSD 3-Clause ""New"" or ""Revised"" License",data-science
stanford-cs-229-machine-learning,afshinea,VIP cheatsheets for Stanford's CS 229 Machine Learning,https://github.com/afshinea/stanford-cs-229-machine-learning,,2018-08-04T23:01:00Z,2024-10-09T15:08:08Z,17564,3943,18,MIT License,data-science
best-of-ml-python,ml-tooling,ðŸ† A ranked list of awesome machine learning Python libraries. Updated weekly.,https://github.com/ml-tooling/best-of-ml-python,,2020-11-29T19:41:36Z,2024-10-09T16:27:23Z,16322,2359,27,Creative Commons Attribution Share Alike 4.0 International,data-science
ipython,ipython,"Official repository for IPython itself. Other repos in the IPython organization contain things like the website, documentation builds, etc.",https://github.com/ipython/ipython,Python,2010-05-10T04:46:06Z,2024-10-09T18:44:04Z,16275,4430,1696,"BSD 3-Clause ""New"" or ""Revised"" License",data-science
prefect,PrefectHQ,Prefect is a workflow orchestration framework for building resilient data pipelines in Python.,https://github.com/PrefectHQ/prefect,Python,2018-06-29T21:59:26Z,2024-10-09T19:13:32Z,16026,1570,831,Apache License 2.0,data-science
ray,ray-project,Ray is a unified framework for scaling AI and Python applications. Ray consists of a core distributed runtime and a set of AI Libraries for accelerating ML workloads.,https://github.com/ray-project/ray,Python,2016-10-25T19:38:30Z,2024-10-09T18:03:42Z,33348,5648,4072,Apache License 2.0,automl
best-of-ml-python,ml-tooling,ðŸ† A ranked list of awesome machine learning Python libraries. Updated weekly.,https://github.com/ml-tooling/best-of-ml-python,,2020-11-29T19:41:36Z,2024-10-09T16:27:23Z,16322,2359,27,Creative Commons Attribution Share Alike 4.0 International,automl
nni,microsoft,"An open source AutoML toolkit for automate machine learning lifecycle, including feature engineering, neural architecture search, model compression and hyper-parameter tuning.",https://github.com/microsoft/nni,Python,2018-06-01T05:51:44Z,2024-10-09T08:00:58Z,14003,1808,417,MIT License,automl
tpot,EpistasisLab,A Python Automated Machine Learning tool that optimizes machine learning pipelines using genetic programming.,https://github.com/EpistasisLab/tpot,Python,2015-11-03T21:08:40Z,2024-10-09T11:05:33Z,9693,1566,295,GNU Lesser General Public License v3.0,automl
autokeras,keras-team,AutoML library for deep learning,https://github.com/keras-team/autokeras,Python,2017-11-19T23:18:20Z,2024-10-09T18:25:49Z,9128,1400,143,Apache License 2.0,automl
autogluon,autogluon,Fast and Accurate ML in 3 Lines of Code,https://github.com/autogluon/autogluon,Python,2019-07-29T18:51:24Z,2024-10-09T13:41:54Z,7786,911,369,Apache License 2.0,automl
auto-sklearn,automl,Automated Machine Learning with scikit-learn,https://github.com/automl/auto-sklearn,Python,2015-07-02T15:38:10Z,2024-10-09T13:44:36Z,7590,1279,199,"BSD 3-Clause ""New"" or ""Revised"" License",automl
featuretools,alteryx,An open source python library for automated feature engineering,https://github.com/alteryx/featuretools,Python,2017-09-08T22:15:17Z,2024-10-09T12:40:15Z,7229,878,152,"BSD 3-Clause ""New"" or ""Revised"" License",automl
h2o-3,h2oai,"H2O is an Open Source, Distributed, Fast & Scalable Machine Learning Platform: Deep Learning, Gradient Boosting (GBM) & XGBoost, Random Forest, Generalized Linear Modeling (GLM with Elastic Net), K-Means, PCA, Generalized Additive Models (GAM), RuleFit, Support Vector Machine (SVM), Stacked Ensembles, Automatic Machine Learning (AutoML), etc.",https://github.com/h2oai/h2o-3,Jupyter Notebook,2014-03-03T16:08:07Z,2024-10-09T16:19:29Z,6885,1993,2847,Apache License 2.0,automl
automl,google,Google Brain AutoML,https://github.com/google/automl,Jupyter Notebook,2020-03-12T03:52:47Z,2024-10-09T04:26:53Z,6226,1449,158,Apache License 2.0,automl
awesome-automl-papers,hibayesian,"A curated list of automated machine learning papers, articles, tutorials, slides and projects",https://github.com/hibayesian/awesome-automl-papers,,2017-11-20T08:19:19Z,2024-10-09T15:57:57Z,4004,695,2,Apache License 2.0,automl
zenml,zenml-io,ZenML ðŸ™: The bridge between ML and Ops. https://zenml.io.,https://github.com/zenml-io/zenml,Python,2020-11-19T09:25:46Z,2024-10-09T19:12:01Z,3980,431,57,Apache License 2.0,automl
darts,quark0,Differentiable architecture search for convolutional and recurrent networks,https://github.com/quark0/darts,Python,2018-06-25T05:27:29Z,2024-10-09T18:11:09Z,3907,845,97,Apache License 2.0,automl
statsforecast,Nixtla,Lightning âš¡ï¸ fast forecasting with statistical and econometric models.,https://github.com/Nixtla/statsforecast,Python,2021-11-24T02:19:14Z,2024-10-09T09:25:39Z,3902,275,100,Apache License 2.0,automl
FLAML,microsoft,A fast library for AutoML and tuning. Join our Discord: https://discord.gg/Cppx2vSPVP.,https://github.com/microsoft/FLAML,Jupyter Notebook,2020-08-20T20:46:11Z,2024-10-09T18:43:09Z,3875,505,229,MIT License,automl
cube-studio,tencentmusic,cube studioå¼€æºäº‘åŽŸç”Ÿä¸€ç«™å¼æœºå™¨å­¦ä¹ /æ·±åº¦å­¦ä¹ /å¤§æ¨¡åž‹AIå¹³å°ï¼Œæ”¯æŒssoç™»å½•ï¼Œå¤šç§Ÿæˆ·ï¼Œå¤§æ•°æ®å¹³å°å¯¹æŽ¥ï¼Œnotebookåœ¨çº¿å¼€å‘ï¼Œæ‹–æ‹‰æ‹½ä»»åŠ¡æµpipelineç¼–æŽ’ï¼Œå¤šæœºå¤šå¡åˆ†å¸ƒå¼è®­ç»ƒï¼Œè¶…å‚æœç´¢ï¼ŒæŽ¨ç†æœåŠ¡VGPUï¼Œè¾¹ç¼˜è®¡ç®—ï¼Œserverlessï¼Œæ ‡æ³¨å¹³å°ï¼Œè‡ªåŠ¨åŒ–æ ‡æ³¨ï¼Œæ•°æ®é›†ç®¡ç†ï¼Œå¤§æ¨¡åž‹å¾®è°ƒï¼Œvllmå¤§æ¨¡åž‹æŽ¨ç†ï¼Œllmopsï¼Œç§æœ‰çŸ¥è¯†åº“ï¼ŒAIæ¨¡åž‹åº”ç”¨å•†åº—ï¼Œæ”¯æŒæ¨¡åž‹ä¸€é”®å¼€å‘/æŽ¨ç†/å¾®è°ƒï¼Œæ”¯æŒå›½äº§cpu/gpu/npuèŠ¯ç‰‡ï¼Œæ”¯æŒRDMAï¼Œæ”¯æŒpytorch/tf/mxnet/deepspeed/paddle/colossalai/horovod/spark/ray/volcanoåˆ†å¸ƒå¼,https://github.com/tencentmusic/cube-studio,Jupyter Notebook,2021-08-17T08:54:14Z,2024-10-09T16:42:20Z,3526,624,31,Other,automl
adanet,tensorflow,Fast and flexible AutoML with learning guarantees.,https://github.com/tensorflow/adanet,Jupyter Notebook,2018-06-28T20:20:24Z,2024-09-25T09:40:27Z,3468,527,67,Apache License 2.0,automl
Merlion,salesforce,Merlion: A Machine Learning Framework for Time Series Intelligence,https://github.com/salesforce/Merlion,Python,2021-07-28T15:30:56Z,2024-10-09T06:02:06Z,3365,296,28,"BSD 3-Clause ""New"" or ""Revised"" License",automl
igel,nidhaloff,"a delightful machine learning tool that allows you to train, test, and use models without writing code",https://github.com/nidhaloff/igel,Python,2020-08-27T20:54:59Z,2024-10-08T13:21:54Z,3085,172,5,MIT License,automl
mljar-supervised,mljar,"Python package for AutoML on Tabular Data with Feature Engineering, Hyper-Parameters Tuning, Explanations and Automatic Documentation",https://github.com/mljar/mljar-supervised,Python,2018-11-05T12:58:04Z,2024-10-09T13:49:41Z,3025,403,140,MIT License,automl
lazypredict,shankarpandala,Lazy Predict help build a lot of basic models without much code and helps understand which models works better without any parameter tuning,https://github.com/shankarpandala/lazypredict,Python,2019-11-16T09:56:35Z,2024-10-09T15:20:55Z,2874,333,95,MIT License,automl
keras-tuner,keras-team,A Hyperparameter Tuning Library for Keras,https://github.com/keras-team/keras-tuner,Python,2019-06-06T22:38:21Z,2024-10-09T19:08:13Z,2852,396,221,Apache License 2.0,automl
PocketFlow,Tencent,An Automatic Model Compression (AutoMC) framework for developing smaller and faster AI applications.,https://github.com/Tencent/PocketFlow,Python,2018-10-31T07:45:21Z,2024-10-01T03:48:02Z,2783,490,75,Other,automl
Auto-PyTorch,automl,Automatic architecture search and hyperparameter optimization for PyTorch,https://github.com/automl/Auto-PyTorch,Python,2018-11-30T08:18:34Z,2024-10-08T06:09:42Z,2362,284,73,Apache License 2.0,automl
PySR,MilesCranmer,High-Performance Symbolic Regression in Python and Julia,https://github.com/MilesCranmer/PySR,Python,2020-09-14T11:16:09Z,2024-10-09T13:38:16Z,2338,212,86,Apache License 2.0,automl
Awesome-AutoDL,D-X-Y,Automated Deep Learning: Neural Architecture Search Is Not the End (a curated list of AutoDL resources and an in-depth analysis),https://github.com/D-X-Y/Awesome-AutoDL,Python,2018-10-15T08:16:21Z,2024-10-09T07:36:39Z,2243,314,1,MIT License,automl
TransmogrifAI,salesforce,"TransmogrifAI (pronounced trÄƒns-mÅgËˆrÉ™-fÄ«) is an AutoML library for building modular, reusable, strongly typed machine learning workflows on Apache Spark with minimal hand-tuning",https://github.com/salesforce/TransmogrifAI,Scala,2017-11-02T16:15:15Z,2024-09-29T14:41:19Z,2235,392,46,"BSD 3-Clause ""New"" or ""Revised"" License",automl
metarank,metarank,"A low code Machine Learning personalized ranking service for articles, listings, search results, recommendations that boosts user engagement. A friendly Learn-to-Rank engine",https://github.com/metarank/metarank,Scala,2020-08-19T17:16:08Z,2024-10-05T17:24:11Z,2070,86,117,Apache License 2.0,automl
sparseml,neuralmagic,"Libraries for applying sparsification recipes to neural networks with a few lines of code, enabling faster and smaller models",https://github.com/neuralmagic/sparseml,Python,2020-12-11T14:07:30Z,2024-10-09T03:05:05Z,2049,144,67,Apache License 2.0,automl
once-for-all,mit-han-lab,[ICLR 2020] Once for All: Train One Network and Specialize it for Efficient Deployment,https://github.com/mit-han-lab/once-for-all,Python,2020-01-05T20:05:09Z,2024-10-09T13:48:26Z,1869,334,59,MIT License,automl
tensorflow,tensorflow,An Open Source Machine Learning Framework for Everyone,https://github.com/tensorflow/tensorflow,C++,2015-11-07T01:19:20Z,2024-10-09T19:16:18Z,185887,74242,5154,Apache License 2.0,machine-learning
transformers,huggingface,"ðŸ¤— Transformers: State-of-the-art Machine Learning for Pytorch, TensorFlow, and JAX.",https://github.com/huggingface/transformers,Python,2018-10-29T13:56:00Z,2024-10-09T19:21:16Z,133123,26579,1409,Apache License 2.0,machine-learning
pytorch,pytorch,Tensors and Dynamic neural networks in Python with strong GPU acceleration,https://github.com/pytorch/pytorch,Python,2016-08-13T05:26:41Z,2024-10-09T19:13:40Z,82794,22315,15074,Other,machine-learning
netdata,netdata,"Architected for speed. Automated for easy. Monitoring and troubleshooting, transformed!",https://github.com/netdata/netdata,C,2013-06-17T18:39:10Z,2024-10-09T17:34:58Z,71388,5893,207,GNU General Public License v3.0,machine-learning
ML-For-Beginners,microsoft,"12 weeks, 26 lessons, 52 quizzes, classic Machine Learning for all",https://github.com/microsoft/ML-For-Beginners,HTML,2021-03-03T01:34:05Z,2024-10-09T18:26:34Z,69373,14354,9,MIT License,machine-learning
cs-video-courses,Developer-Y,List of Computer Science courses with video lectures.,https://github.com/Developer-Y/cs-video-courses,,2016-10-21T17:02:11Z,2024-10-09T19:01:53Z,66897,9089,4,No License,machine-learning
d2l-zh,d2l-ai,ã€ŠåŠ¨æ‰‹å­¦æ·±åº¦å­¦ä¹ ã€‹ï¼šé¢å‘ä¸­æ–‡è¯»è€…ã€èƒ½è¿è¡Œã€å¯è®¨è®ºã€‚ä¸­è‹±æ–‡ç‰ˆè¢«70å¤šä¸ªå›½å®¶çš„500å¤šæ‰€å¤§å­¦ç”¨äºŽæ•™å­¦ã€‚,https://github.com/d2l-ai/d2l-zh,Python,2017-08-23T04:40:24Z,2024-10-09T18:12:49Z,61947,10908,85,Apache License 2.0,machine-learning
keras,keras-team,Deep Learning for humans,https://github.com/keras-team/keras,Python,2015-03-28T00:35:42Z,2024-10-09T18:18:24Z,61847,19438,254,Apache License 2.0,machine-learning
tesseract,tesseract-ocr,Tesseract Open Source OCR Engine (main repository),https://github.com/tesseract-ocr/tesseract,C++,2014-08-12T18:04:59Z,2024-10-09T19:20:22Z,61461,9428,425,Apache License 2.0,machine-learning
scikit-learn,scikit-learn,scikit-learn: machine learning in Python,https://github.com/scikit-learn/scikit-learn,Python,2010-08-17T09:43:38Z,2024-10-09T19:20:46Z,59707,25319,2122,"BSD 3-Clause ""New"" or ""Revised"" License",machine-learning
awesome-scalability,binhnguyennus,"The Patterns of Scalable, Reliable, and Performant Large-Scale Systems",https://github.com/binhnguyennus/awesome-scalability,,2017-12-27T03:46:40Z,2024-10-09T19:02:49Z,58496,6023,18,MIT License,machine-learning
annotated_deep_learning_paper_implementations,labmlai,"ðŸ§‘â€ðŸ« 60+ Implementations/tutorials of deep learning papers with side-by-side notes ðŸ“; including transformers (original, xl, switch, feedback, vit, ...), optimizers (adam, adabelief, sophia, ...), gans(cyclegan, stylegan2, ...), ðŸŽ® reinforcement learning (ppo, dqn), capsnet, distillation, ... ðŸ§ ",https://github.com/labmlai/annotated_deep_learning_paper_implementations,Python,2020-08-25T02:29:34Z,2024-10-09T18:32:49Z,54639,5637,29,MIT License,machine-learning
face_recognition,ageitgey,The world's simplest facial recognition api for Python and the command line,https://github.com/ageitgey/face_recognition,Python,2017-03-03T21:52:39Z,2024-10-09T18:27:44Z,53080,13458,792,MIT License,machine-learning
faceswap,deepfakes,Deepfakes Software For All,https://github.com/deepfakes/faceswap,Python,2017-12-19T09:44:13Z,2024-10-09T14:41:49Z,52065,13188,29,GNU General Public License v3.0,machine-learning
yolov5,ultralytics,YOLOv5 ðŸš€ in PyTorch > ONNX > CoreML > TFLite,https://github.com/ultralytics/yolov5,Python,2020-05-18T03:45:11Z,2024-10-09T19:19:03Z,50088,16179,142,GNU Affero General Public License v3.0,machine-learning
julia,JuliaLang,The Julia Programming Language,https://github.com/JuliaLang/julia,Julia,2011-04-21T07:01:50Z,2024-10-09T18:17:27Z,45559,5473,5181,MIT License,machine-learning
100-Days-Of-ML-Code,Avik-Jain,100 Days of ML Coding,https://github.com/Avik-Jain/100-Days-Of-ML-Code,,2018-07-05T09:11:43Z,2024-10-09T18:14:52Z,44969,10530,62,MIT License,machine-learning
TensorFlow-Examples,aymericdamien,TensorFlow Tutorial and Examples for Beginners (support TF v1 & v2),https://github.com/aymericdamien/TensorFlow-Examples,Jupyter Notebook,2015-11-11T14:21:19Z,2024-10-09T17:12:35Z,43388,14945,221,Other,machine-learning
llm-course,mlabonne,Course to get into Large Language Models (LLMs) with roadmaps and Colab notebooks.,https://github.com/mlabonne/llm-course,Jupyter Notebook,2023-06-17T22:16:25Z,2024-10-09T16:44:15Z,37906,3993,52,Apache License 2.0,machine-learning
Made-With-ML,GokuMohandas,"Learn how to design, develop, deploy and iterate on production-grade ML applications.",https://github.com/GokuMohandas/Made-With-ML,Jupyter Notebook,2018-11-05T03:44:27Z,2024-10-09T19:02:56Z,37241,5895,20,MIT License,machine-learning
Open-Assistant,LAION-AI,"OpenAssistant is a chat-based assistant that understands tasks, can interact with third-party systems, and retrieve information dynamically to do so.",https://github.com/LAION-AI/Open-Assistant,Python,2022-12-13T05:24:17Z,2024-10-09T13:10:50Z,36998,3226,290,Apache License 2.0,machine-learning
airflow,apache,"Apache Airflow - A platform to programmatically author, schedule, and monitor workflows",https://github.com/apache/airflow,Python,2015-04-13T18:04:58Z,2024-10-09T19:25:14Z,36617,14175,1197,Apache License 2.0,machine-learning
DeepSpeed,microsoft,"DeepSpeed is a deep learning optimization library that makes distributed training and inference easy, efficient, and effective.",https://github.com/microsoft/DeepSpeed,Python,2020-01-23T18:35:18Z,2024-10-09T17:48:44Z,35020,4060,1110,Apache License 2.0,machine-learning
streamlit,streamlit,Streamlit â€” A faster way to build and share data apps.,https://github.com/streamlit/streamlit,Python,2019-08-24T00:14:52Z,2024-10-09T18:28:38Z,35008,3030,963,Apache License 2.0,machine-learning
photoprism,photoprism,AI-Powered Photos App for the Decentralized Web ðŸŒˆðŸ’Žâœ¨,https://github.com/photoprism/photoprism,Go,2018-01-27T12:00:15Z,2024-10-09T15:41:00Z,34967,1918,470,Other,machine-learning
AI-For-Beginners,microsoft,"12 Weeks, 24 Lessons, AI for All!",https://github.com/microsoft/AI-For-Beginners,Jupyter Notebook,2021-03-03T16:27:36Z,2024-10-09T17:56:24Z,34380,5747,57,MIT License,machine-learning
caffe,BVLC,Caffe: a fast open framework for deep learning.,https://github.com/BVLC/caffe,C++,2013-09-12T18:39:48Z,2024-10-09T10:00:54Z,34067,18697,1187,Other,machine-learning
google-research,google-research,Google Research,https://github.com/google-research/google-research,Jupyter Notebook,2018-10-04T18:42:48Z,2024-10-09T15:14:49Z,34019,7852,1478,Apache License 2.0,machine-learning
ray,ray-project,Ray is a unified framework for scaling AI and Python applications. Ray consists of a core distributed runtime and a set of AI Libraries for accelerating ML workloads.,https://github.com/ray-project/ray,Python,2016-10-25T19:38:30Z,2024-10-09T18:03:42Z,33348,5648,4072,Apache License 2.0,machine-learning
gradio,gradio-app,"Build and share delightful machine learning apps, all in Python. ðŸŒŸ Star to support our work!",https://github.com/gradio-app/gradio,Python,2018-12-19T08:24:04Z,2024-10-09T19:07:19Z,32611,2453,550,Apache License 2.0,machine-learning
tensorflow,tensorflow,An Open Source Machine Learning Framework for Everyone,https://github.com/tensorflow/tensorflow,C++,2015-11-07T01:19:20Z,2024-10-09T19:16:18Z,185887,74242,5154,Apache License 2.0,deep-learning
stable-diffusion-webui,AUTOMATIC1111,Stable Diffusion web UI,https://github.com/AUTOMATIC1111/stable-diffusion-webui,Python,2022-08-22T14:05:26Z,2024-10-09T18:44:26Z,140868,26649,2294,GNU Affero General Public License v3.0,deep-learning
transformers,huggingface,"ðŸ¤— Transformers: State-of-the-art Machine Learning for Pytorch, TensorFlow, and JAX.",https://github.com/huggingface/transformers,Python,2018-10-29T13:56:00Z,2024-10-09T19:21:16Z,133123,26579,1409,Apache License 2.0,deep-learning
pytorch,pytorch,Tensors and Dynamic neural networks in Python with strong GPU acceleration,https://github.com/pytorch/pytorch,Python,2016-08-13T05:26:41Z,2024-10-09T19:13:40Z,82794,22315,15074,Other,deep-learning
opencv,opencv,Open Source Computer Vision Library,https://github.com/opencv/opencv,C++,2012-07-19T09:40:17Z,2024-10-09T18:02:34Z,78433,55748,2656,Apache License 2.0,deep-learning
cs-video-courses,Developer-Y,List of Computer Science courses with video lectures.,https://github.com/Developer-Y/cs-video-courses,,2016-10-21T17:02:11Z,2024-10-09T19:01:53Z,66897,9089,4,No License,deep-learning
d2l-zh,d2l-ai,ã€ŠåŠ¨æ‰‹å­¦æ·±åº¦å­¦ä¹ ã€‹ï¼šé¢å‘ä¸­æ–‡è¯»è€…ã€èƒ½è¿è¡Œã€å¯è®¨è®ºã€‚ä¸­è‹±æ–‡ç‰ˆè¢«70å¤šä¸ªå›½å®¶çš„500å¤šæ‰€å¤§å­¦ç”¨äºŽæ•™å­¦ã€‚,https://github.com/d2l-ai/d2l-zh,Python,2017-08-23T04:40:24Z,2024-10-09T18:12:49Z,61947,10908,85,Apache License 2.0,deep-learning
keras,keras-team,Deep Learning for humans,https://github.com/keras-team/keras,Python,2015-03-28T00:35:42Z,2024-10-09T18:18:24Z,61847,19438,254,Apache License 2.0,deep-learning
annotated_deep_learning_paper_implementations,labmlai,"ðŸ§‘â€ðŸ« 60+ Implementations/tutorials of deep learning papers with side-by-side notes ðŸ“; including transformers (original, xl, switch, feedback, vit, ...), optimizers (adam, adabelief, sophia, ...), gans(cyclegan, stylegan2, ...), ðŸŽ® reinforcement learning (ppo, dqn), capsnet, distillation, ... ðŸ§ ",https://github.com/labmlai/annotated_deep_learning_paper_implementations,Python,2020-08-25T02:29:34Z,2024-10-09T18:32:49Z,54639,5637,29,MIT License,deep-learning
Real-Time-Voice-Cloning,CorentinJ,Clone a voice in 5 seconds to generate arbitrary speech in real-time,https://github.com/CorentinJ/Real-Time-Voice-Cloning,Python,2019-05-26T08:56:15Z,2024-10-09T16:57:45Z,52350,8753,209,Other,deep-learning
faceswap,deepfakes,Deepfakes Software For All,https://github.com/deepfakes/faceswap,Python,2017-12-19T09:44:13Z,2024-10-09T14:41:49Z,52065,13188,29,GNU General Public License v3.0,deep-learning
yolov5,ultralytics,YOLOv5 ðŸš€ in PyTorch > ONNX > CoreML > TFLite,https://github.com/ultralytics/yolov5,Python,2020-05-18T03:45:11Z,2024-10-09T19:19:03Z,50088,16179,142,GNU Affero General Public License v3.0,deep-learning
Prompt-Engineering-Guide,dair-ai,"ðŸ™ Guides, papers, lecture, notebooks and resources for prompt engineering",https://github.com/dair-ai/Prompt-Engineering-Guide,MDX,2022-12-16T16:04:50Z,2024-10-09T18:37:48Z,49217,4776,159,MIT License,deep-learning
100-Days-Of-ML-Code,Avik-Jain,100 Days of ML Coding,https://github.com/Avik-Jain/100-Days-Of-ML-Code,,2018-07-05T09:11:43Z,2024-10-09T18:14:52Z,44969,10530,62,MIT License,deep-learning
TensorFlow-Examples,aymericdamien,TensorFlow Tutorial and Examples for Beginners (support TF v1 & v2),https://github.com/aymericdamien/TensorFlow-Examples,Jupyter Notebook,2015-11-11T14:21:19Z,2024-10-09T17:12:35Z,43388,14945,221,Other,deep-learning
ColossalAI,hpcaitech,"Making large AI models cheaper, faster and more accessible",https://github.com/hpcaitech/ColossalAI,Python,2021-10-28T16:19:44Z,2024-10-09T16:19:37Z,38711,4339,435,Apache License 2.0,deep-learning
Deep-Learning-Papers-Reading-Roadmap,floodsung,Deep Learning papers reading roadmap for anyone who are eager to learn this amazing tech!,https://github.com/floodsung/Deep-Learning-Papers-Reading-Roadmap,Python,2016-10-14T11:49:48Z,2024-10-09T19:07:23Z,38022,7302,88,No License,deep-learning
Made-With-ML,GokuMohandas,"Learn how to design, develop, deploy and iterate on production-grade ML applications.",https://github.com/GokuMohandas/Made-With-ML,Jupyter Notebook,2018-11-05T03:44:27Z,2024-10-09T19:02:56Z,37241,5895,20,MIT License,deep-learning
GFPGAN,TencentARC,GFPGAN aims at developing Practical Algorithms for Real-world Face Restoration.,https://github.com/TencentARC/GFPGAN,Python,2021-03-19T06:18:20Z,2024-10-09T14:21:24Z,35665,5907,369,Other,deep-learning
MockingBird,babysor,ðŸš€AIæ‹Ÿå£°: 5ç§’å†…å…‹éš†æ‚¨çš„å£°éŸ³å¹¶ç”Ÿæˆä»»æ„è¯­éŸ³å†…å®¹ Clone a voice in 5 seconds to generate arbitrary speech in real-time,https://github.com/babysor/MockingBird,Python,2021-08-07T03:53:39Z,2024-10-09T18:03:48Z,35059,5195,469,Other,deep-learning
DeepSpeed,microsoft,"DeepSpeed is a deep learning optimization library that makes distributed training and inference easy, efficient, and effective.",https://github.com/microsoft/DeepSpeed,Python,2020-01-23T18:35:18Z,2024-10-09T17:48:44Z,35020,4060,1110,Apache License 2.0,deep-learning
streamlit,streamlit,Streamlit â€” A faster way to build and share data apps.,https://github.com/streamlit/streamlit,Python,2019-08-24T00:14:52Z,2024-10-09T18:28:38Z,35008,3030,963,Apache License 2.0,deep-learning
tesseract.js,naptha,Pure Javascript OCR for more than 100 Languages ðŸ“–ðŸŽ‰ðŸ–¥,https://github.com/naptha/tesseract.js,JavaScript,2015-06-24T02:49:52Z,2024-10-09T17:42:04Z,34972,2211,30,Apache License 2.0,deep-learning
TTS,coqui-ai,"ðŸ¸ðŸ’¬ - a deep learning toolkit for Text-to-Speech, battle-tested in research and production",https://github.com/coqui-ai/TTS,Python,2020-05-20T15:45:28Z,2024-10-09T18:38:53Z,34467,4174,83,Mozilla Public License 2.0,deep-learning
AI-For-Beginners,microsoft,"12 Weeks, 24 Lessons, AI for All!",https://github.com/microsoft/AI-For-Beginners,Jupyter Notebook,2021-03-03T16:27:36Z,2024-10-09T17:56:24Z,34380,5747,57,MIT License,deep-learning
caffe,BVLC,Caffe: a fast open framework for deep learning.,https://github.com/BVLC/caffe,C++,2013-09-12T18:39:48Z,2024-10-09T10:00:54Z,34067,18697,1187,Other,deep-learning
ray,ray-project,Ray is a unified framework for scaling AI and Python applications. Ray consists of a core distributed runtime and a set of AI Libraries for accelerating ML workloads.,https://github.com/ray-project/ray,Python,2016-10-25T19:38:30Z,2024-10-09T18:03:42Z,33348,5648,4072,Apache License 2.0,deep-learning
gradio,gradio-app,"Build and share delightful machine learning apps, all in Python. ðŸŒŸ Star to support our work!",https://github.com/gradio-app/gradio,Python,2018-12-19T08:24:04Z,2024-10-09T19:07:19Z,32611,2453,550,Apache License 2.0,deep-learning
openpose,CMU-Perceptual-Computing-Lab,"OpenPose: Real-time multi-person keypoint detection library for body, face, hands, and foot estimation",https://github.com/CMU-Perceptual-Computing-Lab/openpose,C++,2017-04-24T14:06:31Z,2024-10-09T17:04:48Z,30980,7844,328,Other,deep-learning
pytorch-tutorial,yunjey,PyTorch Tutorial for Deep Learning Researchers,https://github.com/yunjey/pytorch-tutorial,Python,2017-03-10T07:41:47Z,2024-10-09T18:23:19Z,29956,8104,86,MIT License,deep-learning
d3,d3,"Bring data to life with SVG, Canvas and HTML. :bar_chart::chart_with_upwards_trend::tada:",https://github.com/d3/d3,Shell,2010-09-27T17:22:42Z,2024-10-09T17:14:28Z,108588,22861,15,ISC License,data-visualization
netdata,netdata,"Architected for speed. Automated for easy. Monitoring and troubleshooting, transformed!",https://github.com/netdata/netdata,C,2013-06-17T18:39:10Z,2024-10-09T17:34:58Z,71388,5893,207,GNU General Public License v3.0,data-visualization
grafana,grafana,"The open and composable observability and data visualization platform. Visualize metrics, logs, and traces from multiple sources like Prometheus, Loki, Elasticsearch, InfluxDB, Postgres and many more. ",https://github.com/grafana/grafana,TypeScript,2013-12-11T15:59:56Z,2024-10-09T18:47:47Z,64304,12033,4174,GNU Affero General Public License v3.0,data-visualization
superset,apache,Apache Superset is a Data Visualization and Data Exploration Platform,https://github.com/apache/superset,TypeScript,2015-07-21T18:55:34Z,2024-10-09T19:26:11Z,62145,13639,983,Apache License 2.0,data-visualization
echarts,apache,"Apache ECharts is a powerful, interactive charting and data visualization library for browser",https://github.com/apache/echarts,TypeScript,2013-04-03T03:18:59Z,2024-10-09T17:14:04Z,60332,19608,2166,Apache License 2.0,data-visualization
pixijs,pixijs,"The HTML5 Creation Engine: Create beautiful digital content with the fastest, most flexible 2D WebGL renderer.",https://github.com/pixijs/pixijs,TypeScript,2013-01-21T22:40:50Z,2024-10-09T19:26:59Z,43707,4763,381,MIT License,data-visualization
metabase,metabase,"The simplest, fastest way to get business intelligence and analytics to everyone in your company :yum:",https://github.com/metabase/metabase,Clojure,2015-02-02T19:25:47Z,2024-10-09T19:20:30Z,38366,5089,4223,Other,data-visualization
streamlit,streamlit,Streamlit â€” A faster way to build and share data apps.,https://github.com/streamlit/streamlit,Python,2019-08-24T00:14:52Z,2024-10-09T18:28:38Z,35008,3030,963,Apache License 2.0,data-visualization
gradio,gradio-app,"Build and share delightful machine learning apps, all in Python. ðŸŒŸ Star to support our work!",https://github.com/gradio-app/gradio,Python,2018-12-19T08:24:04Z,2024-10-09T19:07:19Z,32611,2453,550,Apache License 2.0,data-visualization
Data-Science-For-Beginners,microsoft,"10 Weeks, 20 Lessons, Data Science for All!",https://github.com/microsoft/Data-Science-For-Beginners,Jupyter Notebook,2021-03-03T16:30:15Z,2024-10-09T18:25:27Z,27903,5766,55,MIT License,data-visualization
directus,directus,"The flexible backend for all your projects ðŸ° Turn your DB into a headless CMS, admin panels, or apps with a custom UI, instant APIs, auth & more.",https://github.com/directus/directus,TypeScript,2012-12-12T01:35:36Z,2024-10-09T19:20:46Z,27417,3829,521,Other,data-visualization
awesome-datascience,academic,:memo: An awesome Data Science repository to learn and apply for real world problems.,https://github.com/academic/awesome-datascience,,2014-07-05T07:07:43Z,2024-10-09T17:58:55Z,24863,5870,0,MIT License,data-visualization
dash,plotly,Data Apps & Dashboards for Python. No JavaScript Required.,https://github.com/plotly/dash,Python,2015-04-10T01:53:08Z,2024-10-09T13:33:28Z,21297,2054,482,MIT License,data-visualization
matplotlib,matplotlib,matplotlib: plotting with Python,https://github.com/matplotlib/matplotlib,Python,2011-02-19T03:17:12Z,2024-10-09T15:48:34Z,20086,7598,1593,No License,data-visualization
visx,airbnb,ðŸ¯ visx | visualization components,https://github.com/airbnb/visx,TypeScript,2017-03-15T16:25:41Z,2024-10-09T16:06:45Z,19407,712,150,MIT License,data-visualization
dataease,dataease,ðŸ”¥ äººäººå¯ç”¨çš„å¼€æº BI å·¥å…·ï¼ŒTableauã€å¸†è½¯çš„å¼€æºæ›¿ä»£ã€‚,https://github.com/dataease/dataease,Java,2021-02-02T04:10:21Z,2024-10-09T16:21:03Z,17563,3192,375,GNU General Public License v3.0,data-visualization
plotly.js,plotly,Open-source JavaScript charting library behind Plotly and Dash,https://github.com/plotly/plotly.js,JavaScript,2015-11-05T23:27:17Z,2024-10-09T15:21:51Z,16942,1857,604,MIT License,data-visualization
best-of-ml-python,ml-tooling,ðŸ† A ranked list of awesome machine learning Python libraries. Updated weekly.,https://github.com/ml-tooling/best-of-ml-python,,2020-11-29T19:41:36Z,2024-10-09T16:27:23Z,16322,2359,27,Creative Commons Attribution Share Alike 4.0 International,data-visualization
apexcharts.js,apexcharts,ðŸ“Š Interactive JavaScript Charts built on SVG,https://github.com/apexcharts/apexcharts.js,JavaScript,2018-07-24T15:22:23Z,2024-10-09T08:19:29Z,14278,1297,321,MIT License,data-visualization
awesome-bigdata,oxnr,"A curated list of awesome big data frameworks, ressources and other awesomeness.",https://github.com/oxnr/awesome-bigdata,,2014-07-04T15:01:03Z,2024-10-09T01:30:57Z,13177,2549,39,MIT License,data-visualization
awesome-creative-coding,terkelg,"Creative Coding: Generative Art, Data visualization, Interaction Design, Resources.",https://github.com/terkelg/awesome-creative-coding,HTML,2016-11-01T23:50:27Z,2024-10-09T18:38:44Z,12813,872,4,No License,data-visualization
taipy,Avaiga,Turns Data and AI algorithms into production-ready web applications in no time.,https://github.com/Avaiga/taipy,Python,2022-02-18T15:55:45Z,2024-10-09T18:09:42Z,12776,977,151,Apache License 2.0,data-visualization
seaborn,mwaskom,Statistical data visualization in Python,https://github.com/mwaskom/seaborn,Python,2012-06-18T18:41:19Z,2024-10-09T17:22:50Z,12461,1917,178,"BSD 3-Clause ""New"" or ""Revised"" License",data-visualization
deck.gl,visgl,WebGL2 powered visualization framework,https://github.com/visgl/deck.gl,TypeScript,2015-12-15T08:38:29Z,2024-10-09T15:32:20Z,12158,2082,343,MIT License,data-visualization
sigma.js,jacomyal,A JavaScript library aimed at visualizing graphs of thousands of nodes and edges,https://github.com/jacomyal/sigma.js,TypeScript,2012-03-11T15:17:40Z,2024-10-09T16:41:47Z,11240,1586,26,MIT License,data-visualization
vanna,vanna-ai,ðŸ¤– Chat with your SQL database ðŸ“Š. Accurate Text-to-SQL Generation via LLMs using RAG ðŸ”„.,https://github.com/vanna-ai/vanna,Python,2023-05-13T17:26:28Z,2024-10-09T18:58:49Z,11083,863,114,MIT License,data-visualization
G6,antvis,â™¾ A Graph Visualization Framework in JavaScript.,https://github.com/antvis/G6,TypeScript,2017-02-13T10:00:43Z,2024-10-09T08:33:42Z,11060,1312,148,MIT License,data-visualization
victory,FormidableLabs,A collection of composable React components for building interactive data visualizations,https://github.com/FormidableLabs/victory,TypeScript,2015-07-02T22:36:50Z,2024-10-09T14:30:20Z,10981,525,97,Other,data-visualization
kepler.gl,keplergl,Kepler.gl is a powerful open source geospatial analysis tool for large-scale data sets.,https://github.com/keplergl/kepler.gl,TypeScript,2018-02-28T21:36:16Z,2024-10-09T08:59:47Z,10308,1732,632,MIT License,data-visualization
c3,c3js,:bar_chart: A D3-based reusable chart library,https://github.com/c3js/c3,JavaScript,2013-07-18T06:51:40Z,2024-10-09T09:38:13Z,9346,1393,780,MIT License,data-visualization
superset,apache,Apache Superset is a Data Visualization and Data Exploration Platform,https://github.com/apache/superset,TypeScript,2015-07-21T18:55:34Z,2024-10-09T19:26:11Z,62145,13639,983,Apache License 2.0,data-analytics
awesome-bigdata,oxnr,"A curated list of awesome big data frameworks, ressources and other awesomeness.",https://github.com/oxnr/awesome-bigdata,,2014-07-04T15:01:03Z,2024-10-09T01:30:57Z,13177,2549,39,MIT License,data-analytics
danfojs,javascriptdata,"Danfo.js is an open source, JavaScript library providing high performance, intuitive, and easy to use data structures for manipulating and processing structured data.",https://github.com/javascriptdata/danfojs,TypeScript,2020-05-13T21:53:26Z,2024-10-09T10:33:20Z,4772,209,119,MIT License,data-analytics
pathway,pathwaycom,"Python ETL framework for stream processing, real-time analytics, LLM pipelines, and RAG.",https://github.com/pathwaycom/pathway,Python,2022-11-27T13:01:14Z,2024-10-09T17:36:56Z,3927,125,34,Other,data-analytics
lightdash,lightdash,Self-serve BI to 10x your data team âš¡ï¸,https://github.com/lightdash/lightdash,TypeScript,2021-03-19T09:44:40Z,2024-10-09T18:30:39Z,3855,406,1117,MIT License,data-analytics
lance,lancedb,"Modern columnar data format for ML and LLMs implemented in Rust. Convert from parquet in 2 lines of code for 100x faster random access, vector index, and data versioning. Compatible with Pandas, DuckDB, Polars, Pyarrow, with more integrations coming..",https://github.com/lancedb/lance,Rust,2022-07-07T22:29:29Z,2024-10-09T13:04:15Z,3841,212,468,Apache License 2.0,data-analytics
pretzelai,pretzelai,The modern replacement for Jupyter Notebooks,https://github.com/pretzelai/pretzelai,TypeScript,2024-03-12T19:51:02Z,2024-10-09T15:48:35Z,1989,134,31,Other,data-analytics
datart,running-elephant,Datart is a next generation Data Visualization Open Platform,https://github.com/running-elephant/datart,TypeScript,2021-10-15T09:50:39Z,2024-10-09T15:01:11Z,1948,585,393,Apache License 2.0,data-analytics
diffgram,diffgram,"The AI Datastore for Schemas, BLOBs, and Predictions. Use with your apps or integrate built-in Human Supervision, Data Workflow, and UI Catalog to get the most value out of your AI Data.",https://github.com/diffgram/diffgram,Python,2018-09-06T21:04:23Z,2024-10-07T22:29:50Z,1835,119,483,Other,data-analytics
zui,brimdata,Zui is a powerful desktop application for exploring and working with data. The official front-end to the Zed lake.,https://github.com/brimdata/zui,TypeScript,2018-08-09T23:10:01Z,2024-10-09T17:47:48Z,1789,131,291,Other,data-analytics
datagear,datageartech,DataGearæ•°æ®å¯è§†åŒ–åˆ†æžå¹³å°ï¼Œè‡ªç”±åˆ¶ä½œä»»ä½•æ‚¨æƒ³è¦çš„æ•°æ®çœ‹æ¿,https://github.com/datageartech/datagear,Java,2020-02-22T04:06:51Z,2024-10-08T08:49:14Z,1433,337,1,GNU Lesser General Public License v3.0,data-analytics
dremio-oss,dremio,Dremio - the missing link in modern data,https://github.com/dremio/dremio-oss,Java,2017-07-17T20:17:04Z,2024-10-04T02:26:39Z,1361,445,52,Apache License 2.0,data-analytics
mining,mining,"Business Intelligence (BI) in Python, OLAP",https://github.com/mining/mining,Python,2014-01-23T19:20:01Z,2024-09-30T07:23:09Z,1278,236,68,MIT License,data-analytics
traildb,traildb,TrailDB is an efficient tool for storing and querying series of events,https://github.com/traildb/traildb,C,2014-08-12T07:34:48Z,2024-09-22T14:45:37Z,1090,76,37,MIT License,data-analytics
insights,mariusandra,Open Source Self-Hosted Business Intelligence Platform,https://github.com/mariusandra/insights,JavaScript,2017-05-16T07:08:43Z,2024-10-06T13:25:29Z,1087,73,78,MIT License,data-analytics
latitude,latitude-dev,Developer-first embedded analytics,https://github.com/latitude-dev/latitude,TypeScript,2024-01-31T12:48:57Z,2024-10-05T12:39:39Z,856,38,4,GNU Lesser General Public License v3.0,data-analytics
datachain,iterative,"AI-dataframe to enrich, transform and analyze data from cloud storages for ML training and LLM apps",https://github.com/iterative/datachain,Python,2024-06-25T22:29:35Z,2024-10-09T16:44:33Z,762,45,44,Apache License 2.0,data-analytics
data-science-with-ruby,arbox,Practical Data Science with Ruby based tools.,https://github.com/arbox/data-science-with-ruby,Ruby,2017-04-13T14:01:18Z,2024-10-07T09:25:08Z,703,51,1,Creative Commons Zero v1.0 Universal,data-analytics
DataAnalysisInAction,program-spiritual,(Finished) Geek Time Data Analysis Practical 45 Lecture - Detailed notes containing markdown images mind map code data can be read directly code test,https://github.com/program-spiritual/DataAnalysisInAction,Python,2018-12-19T08:10:50Z,2024-10-01T02:21:48Z,700,275,9,Other,data-analytics
google-data-analytics,elmoallistair,google data analytics professional certificate,https://github.com/elmoallistair/google-data-analytics,Jupyter Notebook,2021-03-14T02:57:04Z,2024-10-01T03:39:42Z,698,317,19,No License,data-analytics
Data-Analyst-Roadmap,mrankitgupta,I am sharing my Journey of 66DaysofData into Data Analytics by participating in Ken Jee's #66daysofdata challenge,https://github.com/mrankitgupta/Data-Analyst-Roadmap,,2022-02-05T11:17:52Z,2024-10-07T22:04:32Z,688,104,1,MIT License,data-analytics
abixen-platform,abixen,Abixen Platform is a microservices based software platform for building enterprise applications delivering functionalities through creating particular microservices and integrating by provided CMS.,https://github.com/abixen/abixen-platform,Java,2016-10-19T07:04:44Z,2024-10-02T11:24:41Z,679,210,85,GNU Lesser General Public License v2.1,data-analytics
feldera,feldera,The Feldera Incremental Computation Engine,https://github.com/feldera/feldera,Rust,2023-05-11T19:57:19Z,2024-10-09T19:16:47Z,636,40,260,Other,data-analytics
arx,arx-deidentifier,"ARX is a comprehensive open source data anonymization tool aiming to provide scalability and usability. It supports various anonymization techniques, methods for analyzing data quality and re-identification risks and it supports well-known privacy models, such as k-anonymity, l-diversity, t-closeness and differential privacy.",https://github.com/arx-deidentifier/arx,Java,2013-04-29T15:23:18Z,2024-10-01T13:10:33Z,620,214,61,Apache License 2.0,data-analytics
datasheets,Squarespace,"Read data from, write data to, and modify the formatting of Google Sheets",https://github.com/Squarespace/datasheets,Python,2017-01-17T18:53:24Z,2024-09-05T22:01:47Z,618,53,6,Other,data-analytics
ai-data-analysis-MulitAgent,starpig1129,"AI-Driven Research Assistant: An advanced multi-agent system for automating complex research processes. Leveraging LangChain, OpenAI GPT, and LangGraph, this tool streamlines hypothesis generation, data analysis, visualization, and report writing. Perfect for researchers and data scientists seeking to enhance their workflow and productivity.",https://github.com/starpig1129/ai-data-analysis-MulitAgent,Python,2024-07-23T05:50:15Z,2024-10-09T17:49:09Z,604,82,0,MIT License,data-analytics
isp-data-pollution,essandess,ISP Data Pollution to Protect Private Browsing History with Obfuscation,https://github.com/essandess/isp-data-pollution,Python,2017-03-25T03:57:18Z,2024-09-21T15:16:03Z,591,53,6,MIT License,data-analytics
bigfunctions,unytics,Supercharge BigQuery with BigFunctions,https://github.com/unytics/bigfunctions,Python,2022-08-24T07:41:54Z,2024-10-09T19:24:48Z,589,55,33,MIT License,data-analytics
facet,BCG-X-Official,Human-explainable AI.,https://github.com/BCG-X-Official/facet,Jupyter Notebook,2020-08-05T09:07:03Z,2024-10-02T09:14:32Z,508,46,10,Apache License 2.0,data-analytics
metatron-discovery,metatron-app,Powerful & Easy way for big data discovery,https://github.com/metatron-app/metatron-discovery,TypeScript,2018-07-27T07:54:46Z,2024-10-07T22:06:27Z,441,111,753,Apache License 2.0,data-analytics
